Elapsed time,vals
0.0,-1.2246467991473533e-15
0.001,-8.082668874372531e-15
0.002,-1.4940690949597707e-14
0.003,-2.1798713024822888e-14
0.004,-2.865673510004806e-14
0.005,1.2379612731765645e-17
0.006,-4.237277925049842e-14
0.007,-1.3703664537718587e-14
0.008,-5.608882340094877e-14
0.009000000000000001,4.363456488784106e-14
0.01,1.2494060246108845e-15
0.011,-2.7561485563945236e-13
0.012,-8.352091170184948e-14
0.013000000000000001,1.0857303223575339e-13
0.014,-2.618268227628982e-14
0.015,-1.6093839678833304e-13
0.016,-1.1095300000275018e-13
0.017,-6.096760321716735e-14
0.018000000000000002,8.849377657482947e-14
0.019,-3.304790322412538e-13
0.02,3.7234588483691225e-15
0.021,5.3708855633951964e-14
0.022,-5.500050644797574e-13
0.023,-2.1580257339013446e-13
0.024,-1.6581717660455162e-13
0.025,-1.1583177981896877e-13
0.026000000000000002,2.1837071127065412e-13
0.027,-3.8534320884305515e-13
0.028,-5.1140717753432285e-14
0.029,-2.853724152718895e-13
0.03,-3.2065214677751873e-13
0.031,-5.54883844295976e-13
0.032,-2.2068135320635301e-13
0.033,1.1352113788326986e-13
0.034,-1.2071055963518735e-13
0.035,-1.5599029114081657e-13
0.036000000000000004,1.782121999488063e-13
0.037,-9.939359087729832e-13
0.038,-6.597334176833603e-13
0.039,-3.2553092659373733e-13
0.04,8.671564495885598e-15
0.041,-5.950423556178238e-13
0.042,1.0864235806705128e-13
0.043000000000000003,7.33626265614221e-14
0.044,-1.0987854821603674e-12
0.045,-1.1340652136659966e-12
0.046,-4.303804999811216e-13
0.047,-1.0340944200948311e-12
0.048,-3.304097064099559e-13
0.049,-3.656894379155851e-13
0.05,-2.304389128387902e-13
0.051000000000000004,-2.6571864434441937e-13
0.052000000000000005,4.379660693404556e-13
0.053,-1.4731464845718382e-12
0.054,-7.69461770886963e-13
0.055,-1.3731756910006725e-12
0.056,-1.0105678870771722e-13
0.057,-7.047707088214267e-13
0.058,-5.695201837446317e-13
0.059000000000000004,-3.6365726642180714e-14
0.06,-6.400796467558902e-13
0.061,-1.2437935668695995e-12
0.062,-1.1085430417928046e-12
0.063,-5.753885846903536e-13
0.064,-4.401380596135587e-13
0.065,-1.0438519797272681e-12
0.066,2.2826692256568706e-13
0.067,-3.754469975480222e-13
0.068,-2.4019647247122734e-13
0.069,2.929579846312236e-13
0.07,-3.107559354824858e-13
0.07100000000000001,9.613629668104692e-13
0.07200000000000001,3.5764904669675995e-13
0.073,-2.1218976958236135e-12
0.074,-1.986647170746819e-12
0.075,-1.4534927136443679e-12
0.076,-1.3182421885675732e-12
0.077,-1.921956108681282e-12
0.078,-6.498372063883274e-13
0.079,-1.2535511265020365e-12
0.08,1.8567775790918548e-14
0.081,-5.851461443227907e-13
0.082,-1.1888600644365002e-12
0.083,8.222232830469593e-13
0.084,2.185093629332499e-13
0.085,-3.8520455718045946e-13
0.08600000000000001,1.4794989992199156e-13
0.08700000000000001,-4.557640201917178e-13
0.088,-2.1963463175215872e-12
0.089,-1.6631918604191365e-12
0.09,-2.2669057805328456e-12
0.091,-1.392690810265547e-12
0.092,-8.595363531630959e-13
0.093,-1.463250273276805e-12
0.094,-2.0669641933905146e-12
0.095,-5.588084590705509e-14
0.096,-6.595947660207645e-13
0.097,-1.2633086861344737e-12
0.098,-7.301542290320229e-13
0.099,-1.3338681491457322e-12
0.1,-4.596531788784331e-13
0.101,7.350127822401789e-14
0.10200000000000001,-5.302126418896914e-13
0.10300000000000001,2.9418152127595895e-15
0.10400000000000001,8.771567854800585e-13
0.105,-2.3413544022308193e-12
0.106,-2.945068322344529e-12
0.107,-9.339849748610695e-13
0.108,-1.5376988949747786e-12
0.109,-1.0045444378723278e-12
0.11,-2.7451267352021974e-12
0.111,-7.34043387718738e-13
0.112,-2.0088893061628709e-13
0.113,-1.9414712279461565e-12
0.114,-1.408316770843706e-12
0.115,-8.751623137412548e-13
0.116,-1.137815720690116e-12
0.117,-6.046612635876652e-13
0.11800000000000001,-7.150680648521408e-14
0.11900000000000001,4.616476506172371e-13
0.12,-1.278934646712633e-12
0.121,-3.019516944042502e-12
0.122,-2.4863624869400514e-12
0.123,-4.752791394565922e-13
0.124,-2.2158614367864616e-12
0.125,-1.6827069796840107e-12
0.126,-1.1495525225815599e-12
0.127,-2.8901348199114295e-12
0.128,-8.790514724279701e-13
0.129,-3.4589701532551913e-13
0.13,-2.0864793126553886e-12
0.131,-1.553324855552938e-12
0.132,4.577584919305214e-13
0.133,-1.282823805399348e-12
0.134,-7.496693482968971e-13
0.135,-2.165148911944462e-13
0.136,-4.791682981433074e-13
0.137,5.398615895914355e-14
0.138,5.871406160615945e-13
0.139,-1.153441681268275e-12
0.14,-6.202872241658243e-13
0.14100000000000001,1.390796123317635e-12
0.14200000000000002,1.923950580420086e-12
0.14300000000000002,1.8336828309021647e-13
0.14400000000000002,7.165227401926672e-13
0.145,-4.775725201950531e-12
0.146,-4.24257074484808e-12
0.147,-2.2314873973646207e-12
0.148,-3.9720696946944905e-12
0.149,-3.4389152375920393e-12
0.15,-2.905760780489588e-12
0.151,-3.16841418743845e-12
0.152,-2.635259730335999e-12
0.153,-2.1021052732335476e-12
0.154,-3.842687570563417e-12
0.155,-3.309533113460966e-12
0.156,-1.2984497659775073e-12
0.157,-7.652953088750562e-13
0.158,-2.5058776062049254e-12
0.159,-1.972723149102475e-12
0.16,3.8360198380984453e-14
0.161,-1.702222098948885e-12
0.162,-1.169067641846434e-12
0.163,-6.359131847439832e-13
0.164,-2.3764954820738527e-12
0.165,-1.8433410249714016e-12
0.166,1.645671212893066e-12
0.167,-9.49110844368038e-14
0.168,4.382433726656472e-13
0.169,9.71397829768098e-13
0.17,-7.691844675617716e-13
0.171,-2.360300104593205e-13
0.17200000000000001,2.9712444664313047e-13
0.17300000000000001,-1.4434578506867394e-12
0.17400000000000002,-9.103033935842882e-13
0.17500000000000002,2.5787088442801795e-12
0.176,-4.391467988244027e-12
0.177,-3.858313531141576e-12
0.178,-3.3251590740391253e-12
0.179,-5.065741371368994e-12
0.18,-4.532586914266544e-12
0.181,-3.999432457164094e-12
0.182,-2.7841569737319463e-12
0.183,-2.251002516629495e-12
0.184,-1.7178480595270443e-12
0.185,-3.4584303568569137e-12
0.186,-2.9252758997544626e-12
0.187,-2.3921214426520118e-12
0.188,-4.132703739981882e-12
0.189,-3.5995492828794304e-12
0.19,-1.1053704501496283e-13
0.191,-1.8511193423448323e-12
0.192,-1.3179648852423815e-12
0.193,-7.848104281399306e-13
0.194,-2.5253927254697998e-12
0.195,-1.992238268367349e-12
0.196,-1.4590838112648984e-12
0.197,-3.199666108594768e-12
0.198,-2.666511651492317e-12
0.199,8.225005863721509e-13
0.2,-9.180817109577188e-13
0.201,-3.8492725385526784e-13
0.202,1.4822720324718314e-13
0.203,-1.5923550940826866e-12
0.20400000000000001,-1.0592006369802355e-12
0.20500000000000002,-5.260461798777847e-13
0.20600000000000002,7.108277224666532e-15
0.20700000000000002,1.2223837606568132e-12
0.20800000000000002,1.7555382177592644e-12
0.209,-5.2146386147649426e-12
0.21,-4.6814841576624914e-12
0.211,-4.1483297005600394e-12
0.212,-5.8889119978899105e-12
0.213,-5.355757540787459e-12
0.214,-1.8667453029229913e-12
0.215,-3.607327600252861e-12
0.216,-3.0741731431504096e-12
0.217,-2.5410186860479592e-12
0.218,-2.007864228945508e-12
0.219,-1.4747097718430575e-12
0.22,-5.489028823605248e-12
0.221,-4.9558743665027965e-12
0.222,-1.4668621286383286e-12
0.223,-9.33707671535878e-13
0.224,-4.005532144334268e-13
0.225,1.32601242669024e-13
0.226,-3.881717809093166e-12
0.227,-3.3485633519907155e-12
0.228,-2.8154088948882643e-12
0.229,-2.282254437785813e-12
0.23,-1.7490999806833622e-12
0.231,1.7399122571811054e-12
0.232,-2.2744067945810844e-12
0.233,-1.7412523374786339e-12
0.234,-1.208097880376183e-12
0.23500000000000001,-6.749434232737319e-13
0.23600000000000002,-1.417889661712808e-13
0.23700000000000002,3.9136549093116987e-13
0.23800000000000002,9.245199480336216e-13
0.23900000000000002,-3.089799103728569e-12
0.24,-2.5566446466261183e-12
0.241,-6.570963698388308e-12
0.242,-6.037809241285857e-12
0.243,-5.504654784183407e-12
0.244,-4.9715003270809556e-12
0.245,-4.438345869978504e-12
0.246,-9.49333632114037e-13
0.247,-4.963652683876227e-12
0.248,-4.430498226773776e-12
0.249,-3.897343769671325e-12
0.25,-3.3641893125688737e-12
0.251,-2.831034855466423e-12
0.252,-2.297880398363972e-12
0.253,-1.7647259412615214e-12
0.254,-5.779044993023712e-12
0.255,-2.2900327551592435e-12
0.256,-1.7568782980567927e-12
0.257,-1.2237238409543421e-12
0.258,-6.90569383851891e-13
0.259,-1.5741492674943984e-13
0.26,-4.17173397851163e-12
0.261,-3.63857952140918e-12
0.262,-3.1054250643067285e-12
0.263,3.8358717355773943e-13
0.264,9.167416306601903e-13
0.265,1.4498960877626416e-12
0.266,-2.5644229639995486e-12
0.267,-2.031268506897098e-12
0.268,-1.4981140497946468e-12
0.269,-9.64959592692196e-13
0.27,-4.3180513558974505e-13
0.271,1.0134932151270613e-13
0.272,-9.571119494874674e-13
0.273,-4.2395749238501644e-13
0.274,1.0919696471743446e-13
0.275,6.423514218198854e-13
0.276,1.1755058789223363e-12
0.277,1.7086603360247877e-12
0.278,-2.3056587157374025e-12
0.279,-1.7725042586349517e-12
0.28,-1.2393498015325012e-12
0.281,2.2496624363319666e-12
0.28200000000000003,2.7828168934344177e-12
0.28300000000000003,3.315971350536869e-12
0.28400000000000003,3.849125807639319e-12
0.28500000000000003,-1.6519324412287055e-13
0.28600000000000003,3.679612129795803e-13
0.28700000000000003,9.011156700820314e-13
0.28800000000000003,1.4342701271844818e-12
0.289,-5.535906705339725e-12
0.29,-9.550225757101916e-12
0.291,-9.017071299999464e-12
0.292,-8.483916842897013e-12
0.293,-7.950762385794562e-12
0.294,-4.461750147930094e-12
0.295,-3.928595690827643e-12
0.296,-7.942914742589835e-12
0.297,-7.409760285487383e-12
0.298,-6.8766058283849314e-12
0.299,-6.34345137128248e-12
0.3,-5.810296914180029e-12
0.301,-5.277142457077578e-12
0.302,-6.335603728077753e-12
0.303,-5.802449270975302e-12
0.304,-5.2692948138728504e-12
0.305,-4.736140356770399e-12
0.306,-4.202985899667948e-12
0.307,-3.669831442565497e-12
0.308,-7.684150494327688e-12
0.309,-7.1509960372252365e-12
0.31,-6.6178415801227846e-12
0.311,-3.1288293422583174e-12
0.312,-2.595674885155867e-12
0.313,-2.062520428053416e-12
0.314,-1.529365970950965e-12
0.315,-5.543685022713155e-12
0.316,-5.0105305656107035e-12
0.317,-4.477376108508253e-12
0.318,-3.944221651405803e-12
0.319,-4.552094135413347e-13
0.32,7.794504356111626e-14
0.321,-3.936374008201074e-12
0.322,-3.4032195510986225e-12
0.323,-2.8700650939961718e-12
0.324,-2.3369106368937206e-12
0.325,-1.80375617979127e-12
0.326,-1.270601722688819e-12
0.327,-2.3290629936889923e-12
0.328,-4.751766317348558e-12
0.329,-1.2627540794840905e-12
0.33,-3.685457403143656e-12
0.331,-1.9644516527918865e-13
0.332,3.2925670725852796e-12
0.333,-3.677609759938928e-12
0.334,-1.8859752207446024e-13
0.335,-2.611300845734026e-12
0.336,8.777113921304417e-13
0.337,-1.5449919315291244e-12
0.338,1.944020306335344e-12
0.339,-5.0261565261888626e-12
0.34,-1.5371442883243958e-12
0.341,1.951867949540072e-12
0.342,-4.708353741194937e-13
0.343,3.0181768637449745e-12
0.34400000000000003,5.954735400854082e-13
0.34500000000000003,-4.629877309147652e-13
0.34600000000000003,-2.885691054574331e-12
0.34700000000000003,6.033211832901367e-13
0.34800000000000003,-1.8193821403694293e-12
0.34900000000000003,1.6696300974950387e-12
0.35000000000000003,5.158642335359506e-12
0.35100000000000003,2.7359390116999406e-12
0.352,-8.781711329688908e-12
0.353,-1.1204414653348474e-11
0.354,-7.715402415484006e-12
0.355,-4.226390177619538e-12
0.356,-6.6490935012791034e-12
0.357,-7.707554772279278e-12
0.358,-1.0130258095938842e-11
0.359,-6.641245858074374e-12
0.36,-9.063949181733942e-12
0.361,-5.574936943869473e-12
0.362,-7.997640267529041e-12
0.363,-9.056101538529214e-12
0.364,-5.567089300664745e-12
0.365,-7.989792624324312e-12
0.366,-4.500780386459843e-12
0.367,-6.9234837101194086e-12
0.368,-3.434471472254941e-12
0.369,-1.0404648304779148e-11
0.37,-6.91563606691468e-12
0.371,-3.4266238290502123e-12
0.372,-5.849327152709778e-12
0.373,-2.3603149148453104e-12
0.374,-4.783018238504876e-12
0.375,-5.84147950950505e-12
0.376,-8.264182833164618e-12
0.377,-4.775170595300147e-12
0.378,-7.197873918959714e-12
0.379,-3.708861681095246e-12
0.38,-2.1984944323077831e-13
0.381,-2.642552766890344e-12
0.382,-3.7010140378905174e-12
0.383,-6.123717361550084e-12
0.384,-2.6347051236856155e-12
0.385,-5.057408447345182e-12
0.386,-1.5683962094807137e-12
0.387,-3.99109953314028e-12
0.388,-5.049560804140452e-12
0.389,-1.5605485662759854e-12
0.39,-3.983251889935551e-12
0.391,-4.942396520710834e-13
0.392,-2.9169429757306493e-12
0.393,5.720692621338187e-13
0.394,-6.398107570390389e-12
0.395,-2.9090953325259206e-12
0.396,-5.3317986561854866e-12
0.397,-1.8427864183210186e-12
0.398,1.6462258195434491e-12
0.399,-7.764775041161167e-13
0.4,-1.83493877511629e-12
0.401,-4.257642098775857e-12
0.402,-7.686298609113884e-13
0.403,-3.1913331845709544e-12
0.404,2.976790532935136e-13
0.405,-2.125024270366052e-12
0.406,-3.1834855413662257e-12
0.40700000000000003,3.055266964982421e-13
0.40800000000000003,-2.1171766271613233e-12
0.40900000000000003,1.3718356107031442e-12
0.41000000000000003,-1.050867712956422e-12
0.41100000000000003,2.4381445249080458e-12
0.41200000000000003,1.5441201248480416e-14
0.41300000000000003,-1.0430200697516933e-12
0.41400000000000003,2.445992168112774e-12
0.41500000000000004,2.3288844453208716e-14
0.41600000000000004,3.5123010823176764e-12
0.417,-9.369591311730564e-12
0.418,-1.0428052582730739e-11
0.419,-6.93904034486627e-12
0.42,-9.361743668525836e-12
0.421,-5.872731430661368e-12
0.422,-8.295434754320932e-12
0.423,-4.806422516456466e-12
0.424,-1.1776599348980675e-11
0.425,-8.287587111116207e-12
0.426,-1.0710290434775772e-11
0.427,-7.2212781969113034e-12
0.428,-3.7322659590468355e-12
0.429,-6.154969282706401e-12
0.43,-7.213430553706575e-12
0.431,-9.63613387736614e-12
0.432,-6.147121639501672e-12
0.433,-8.56982496316124e-12
0.434,-5.080812725296771e-12
0.435,-7.503516048956338e-12
0.436,-4.014503811091869e-12
0.437,-5.254915732274015e-13
0.438,-2.9481948968869673e-12
0.439,5.408173409775002e-13
0.44,-1.0976833000411349e-11
0.441,-7.487820762546881e-12
0.442,-9.910524086206447e-12
0.443,-6.421511848341978e-12
0.444,-2.9324996104775095e-12
0.445,-5.3552029341370755e-12
0.446,-1.8661906962726084e-12
0.447,-4.288894019932174e-12
0.448,-7.998817820677063e-13
0.449,-3.2225851057272724e-12
0.45,2.6642713213719535e-13
0.451,-2.15627619152237e-12
0.452,-7.762210971387185e-12
0.453,-4.273198733522717e-12
0.454,-6.695902057182284e-12
0.455,-3.206889819317815e-12
0.456,-5.6295931429773814e-12
0.457,-2.140580905112913e-12
0.458,-4.563284228772479e-12
0.459,-1.0742719909080113e-12
0.46,-3.4969753145675767e-12
0.461,-7.963076703109152e-15
0.462,3.4810491611613583e-12
0.463,1.0583458375017927e-12
0.464,-4.547588942363022e-12
0.465,-6.970292266022588e-12
0.466,-3.48128002815812e-12
0.467,-5.903983351817686e-12
0.468,-2.414971113953218e-12
0.46900000000000003,-4.837674437612783e-12
0.47000000000000003,-1.3486621997483165e-12
0.47100000000000003,2.1403500381161513e-12
0.47200000000000003,-2.8235328554341426e-13
0.47300000000000003,3.2066589523210532e-12
0.47400000000000003,7.83955628661487e-13
0.47500000000000003,4.2729678665259556e-12
0.47600000000000003,1.8502645428663908e-12
0.47700000000000004,-3.755670236998425e-12
0.47800000000000004,-6.178373560657991e-12
0.47900000000000004,-2.6893613227935233e-12
0.48,-5.112064646453089e-12
0.481,-7.534767970112656e-12
0.482,-1.314070274997747e-11
0.483,-9.651690512113002e-12
0.484,-1.2074393835772568e-11
0.485,-8.585381597908101e-12
0.486,-1.1008084921567667e-11
0.487,-7.519072683703199e-12
0.488,-9.941776007362765e-12
0.489,-6.452763769498296e-12
0.49,-8.875467093157862e-12
0.491,-5.386454855293394e-12
0.492,-1.8974426174289265e-12
0.493,-4.320145941088491e-12
0.494,-9.926080720953308e-12
0.495,-1.2348784044612872e-11
0.496,-8.859771806748406e-12
0.497,-1.1282475130407971e-11
0.498,-7.793462892543503e-12
0.499,-1.0216166216203069e-11
0.5,-6.7271539783386e-12
0.501,-3.2381417404741335e-12
0.502,-5.660845064133699e-12
0.503,-2.1718328262692316e-12
0.504,-4.594536149928797e-12
0.505,-1.1055239120643296e-12
0.506,-3.5282272357238952e-12
0.507,-9.13416201558871e-12
0.508,-1.1556865339248277e-11
0.509,-8.067853101383808e-12
0.51,-4.57884086351934e-12
0.511,-7.001544187178905e-12
0.512,-3.512531949314438e-12
0.513,-5.935235272974004e-12
0.514,-2.4462230351095367e-12
0.515,-4.8689263587691015e-12
0.516,-1.3799141209046345e-12
0.517,-3.802617444564199e-12
0.518,-3.1360520669973233e-13
0.519,-5.919539986564547e-12
0.52,-8.342243310224114e-12
0.521,-4.853231072359646e-12
0.522,-7.275934396019212e-12
0.523,-3.786922158154743e-12
0.524,-6.20962548181431e-12
0.525,-2.720613243949841e-12
0.526,7.683989939146262e-13
0.527,-1.6543043297449398e-12
0.528,1.834707908119528e-12
0.529,-5.879954155400381e-13
0.53,2.901016822324431e-12
0.531,-8.61663351906442e-12
0.532,-5.12762128119995e-12
0.533,-7.550324604859517e-12
0.534,-4.0613123669950484e-12
0.535,-5.723001291305809e-13
0.536,-2.995003452790146e-12
0.537,4.940087850743212e-13
0.538,-1.9286945385852445e-12
0.539,1.5603176992792232e-12
0.54,-8.623856243803428e-13
0.541,2.626626613484125e-12
0.542,2.039232898245596e-13
0.543,3.692935527689027e-12
0.544,-1.912999252175787e-12
0.545,-4.335702575835353e-12
0.546,-8.466903379708856e-13
0.547,-3.269393661630451e-12
0.548,2.1961857623401626e-13
0.549,-2.2030847474255496e-12
0.55,1.2859274904389181e-12
0.551,-1.1367758332206479e-12
0.552,2.3522364046438203e-12
0.553,5.841248642508288e-12
0.554,3.418545318848723e-12
0.555,6.90755755671319e-12
0.556,-4.610092784675658e-12
0.557,-1.1210805468111907e-12
0.558,-3.543783870470756e-12
0.559,-5.4771632606288754e-14
0.56,-2.4774749562658547e-12
0.561,1.0115372815986132e-12
0.562,4.50054951946308e-12
0.5630000000000001,2.0778461958035156e-12
0.5640000000000001,5.566858433667983e-12
0.5650000000000001,3.144155110008417e-12
0.5660000000000001,6.633167347872885e-12
0.5670000000000001,4.210464024213319e-12
0.5680000000000001,7.699476262077785e-12
0.5690000000000001,2.093541482212972e-12
0.5700000000000001,-3.2916184144659375e-13
0.5710000000000001,3.1598503964178737e-12
0.5720000000000001,7.371470727583079e-13
0.5730000000000001,4.226159310622776e-12
0.5740000000000001,1.8034559869632102e-12
0.5750000000000001,5.2924682248276776e-12
0.5760000000000001,2.869764901168111e-12
0.577,-1.455960100174477e-11
0.578,-1.1070588763880303e-11
0.579,-1.6676523543745118e-11
0.58,-1.9099226867404683e-11
0.581,-1.5610214629540215e-11
0.582,-1.803291795319978e-11
0.583,-1.4543905715335315e-11
0.584,-1.696660903899488e-11
0.585,-1.347759680113041e-11
0.586,-1.5900300124789976e-11
0.587,-1.2411287886925508e-11
0.588,-8.922275649061042e-12
0.589,-1.1344978972720606e-11
0.59,-7.85596673485614e-12
0.591,-1.9373617076244986e-11
0.592,-1.588460483838052e-11
0.593,-1.8307308162040084e-11
0.594,-1.481829592417562e-11
0.595,-1.1329283686311151e-11
0.596,-1.3751987009970716e-11
0.597,-1.0262974772106249e-11
0.598,-1.2685678095765814e-11
0.599,-9.196665857901346e-12
0.6,-1.1619369181560912e-11
0.601,-8.130356943696445e-12
0.602,-1.055306026735601e-11
0.603,-7.064048029491543e-12
0.604,-1.2669982809356359e-11
0.605,-1.5092686133015925e-11
0.606,-1.1603673895151457e-11
0.607,-1.402637721881102e-11
0.608,-1.0537364980946554e-11
0.609,-1.2960068304606118e-11
0.61,-9.471056066741652e-12
0.611,-1.1893759390401218e-11
0.612,-8.40474715253675e-12
0.613,-4.915734914672281e-12
0.614,-7.338438238331847e-12
0.615,-3.8494260004673795e-12
0.616,-1.5367076341856227e-11
0.617,-1.1878064103991761e-11
0.618,-1.4300767427651327e-11
0.619,-1.0811755189786859e-11
0.62,-1.3234458513446423e-11
0.621,-9.745446275581956e-12
0.622,-6.256434037717488e-12
0.623,-8.679137361377056e-12
0.624,-5.190125123512587e-12
0.625,-7.612828447172153e-12
0.626,-4.1238162093076846e-12
0.627,-6.54651953296725e-12
0.628,-3.0575072951027822e-12
0.629,-1.457515763649163e-11
0.63,-1.1086145398627163e-11
0.631,-7.597133160762697e-12
0.632,-1.001983648442226e-11
0.633,-6.530824246557793e-12
0.634,-8.95352757021736e-12
0.635,-5.464515332352891e-12
0.636,-7.88721865601246e-12
0.637,-4.398206418147989e-12
0.638,-9.09194180283522e-13
0.639,-3.3318975039430873e-12
0.64,1.5711473392137987e-13
0.641,-1.1360535607467469e-11
0.642,-7.871523369603001e-12
0.643,-1.0294226693262567e-11
0.644,-6.805214455398098e-12
0.645,-9.227917779057666e-12
0.646,-5.738905541193196e-12
0.647,-2.2498933033287284e-12
0.648,-4.672596626988294e-12
0.649,-1.183584389123827e-12
0.65,-3.6062877127833924e-12
0.651,-1.1727547491892483e-13
0.652,-2.5399787985784905e-12
0.653,-1.405762913996734e-11
0.654,-4.656901340578837e-12
0.655,-7.079604664238404e-12
0.656,-9.50230798789797e-12
0.657,-1.0158018850946783e-13
0.658,-2.5242835121690335e-12
0.659,-4.946986835828599e-12
0.66,-7.369690159488165e-12
0.661,2.031037639900336e-12
0.662,-3.9166568375922994e-13
0.663,-2.814369007418795e-12
0.664,6.586358791969706e-12
0.665,4.16365546831014e-12
0.666,-7.353994873078709e-12
0.667,-9.776698196738276e-12
0.668,-3.7597039734977314e-13
0.669,-2.7986737210093386e-12
0.67,-5.221377044668905e-12
0.671,-7.644080368328471e-12
0.672,1.7566474310600307e-12
0.673,-6.660558925995351e-13
0.674,-3.088759216259101e-12
0.675,6.311968583129401e-12
0.676,3.889265259469835e-12
0.677,1.4665619358102686e-12
0.678,-1.0051088405578579e-11
0.679,-6.503606061900779e-13
0.68,-3.073063929849644e-12
0.681,-5.49576725350921e-12
0.682,3.904960545879291e-12
0.683,1.4822572222197258e-12
0.684,-9.4044610143984e-13
0.685,-3.363149425099406e-12
0.686,6.037578374289096e-12
0.687,3.6148750506295297e-12
0.6880000000000001,1.1921717269699639e-12
0.6890000000000001,-1.2305315966896021e-12
0.6900000000000001,-9.24750815030383e-13
0.6910000000000001,-3.3474541386899484e-12
0.6920000000000001,-5.770157462349515e-12
0.6930000000000001,3.6305703370389863e-12
0.6940000000000001,1.207867013379421e-12
0.6950000000000001,-1.214836310280145e-12
0.6960000000000001,-3.637539633939711e-12
0.6970000000000001,5.763188165448791e-12
0.6980000000000001,3.340484841789225e-12
0.6990000000000001,9.177815181296588e-13
0.7000000000000001,1.0318509317518159e-11
0.7010000000000001,7.895805993858593e-12
0.7020000000000001,5.4731026701990285e-12
0.7030000000000001,-6.0445476711898195e-12
0.704,-1.7562198012578668e-11
0.705,-1.9984901336238234e-11
0.706,-2.24076046598978e-11
0.707,-1.3006876860509298e-11
0.708,-1.5429580184168864e-11
0.709,-1.785228350782843e-11
0.71,-8.45155570843993e-12
0.711,-1.0874259032099497e-11
0.712,-1.329696235575906e-11
0.713,-2.4814612697147907e-11
0.714,-1.541388489775941e-11
0.715,-1.7836588221418974e-11
0.716,-2.0259291545078537e-11
0.717,-1.0858563745690038e-11
0.718,-1.3281267069349602e-11
0.719,-1.570397039300917e-11
0.72,-1.8126673716668735e-11
0.721,-8.725945917280234e-12
0.722,-1.11486492409398e-11
0.723,-1.3571352564599365e-11
0.724,-1.5994055888258934e-11
0.725,-6.59332808887043e-12
0.726,-1.811097843025928e-11
0.727,-2.0533681753918846e-11
0.728,-1.1132953954530344e-11
0.729,-1.355565727818991e-11
0.73,-1.5978360601849475e-11
0.731,-1.8401063925509038e-11
0.732,-9.00033612612054e-12
0.733,-1.1423039449780105e-11
0.734,-1.384574277343967e-11
0.735,-4.4450149740511684e-12
0.736,-6.867718297710735e-12
0.737,-9.2904216213703e-12
0.738,-2.080807196275915e-11
0.739,-1.1407344163370647e-11
0.74,-1.3830047487030214e-11
0.741,-1.6252750810689778e-11
0.742,-6.852023011301277e-12
0.743,-9.274726334960844e-12
0.744,-1.169742965862041e-11
0.745,-1.4120132982279977e-11
0.746,-4.7194051828914735e-12
0.747,-7.14210850655104e-12
0.748,-9.564811830210606e-12
0.749,-1.1987515153870172e-11
0.75,-1.1681734372210953e-11
0.751,-1.4104437695870518e-11
0.752,-1.6527141019530087e-11
0.753,-7.1264132201415825e-12
0.754,-9.549116543801148e-12
0.755,-1.1971819867460714e-11
0.756,-1.4394523191120281e-11
0.757,-4.993795391731779e-12
0.758,-7.416498715391345e-12
0.759,-9.839202039050912e-12
0.76,-4.384742396624093e-13
0.761,-2.861177563321975e-12
0.762,-5.283880886981541e-12
0.763,-1.680153122837039e-11
0.764,-7.400803428981888e-12
0.765,-9.823506752641454e-12
0.766,-1.2246210076301021e-11
0.767,-1.4668913399960585e-11
0.768,-5.268185600572084e-12
0.769,-7.69088892423165e-12
0.77,-1.0113592247891218e-11
0.771,-7.128644485027142e-13
0.772,-3.13556777216228e-12
0.773,-5.5582710958218454e-12
0.774,-7.980974419481413e-12
0.775,-7.675193637822193e-12
0.776,-1.0097896961481758e-11
0.777,-1.2520600285141326e-11
0.778,-3.1198724857528232e-12
0.779,-5.542575809412389e-12
0.78,-7.965279133071955e-12
0.781,-1.0387982456731521e-11
0.782,-9.872546573430193e-13
0.783,-3.4099579810025845e-12
0.784,-5.832661304662151e-12
0.785,3.5680664947263506e-12
0.786,1.1453631710667848e-12
0.787,-1.2773401525927812e-12
0.788,-1.2794990493981631e-11
0.789,-3.394262694593128e-12
0.79,-5.816966018252694e-12
0.791,-8.23966934191226e-12
0.792,-1.0662372665571827e-11
0.793,-1.2616448661833242e-12
0.794,-3.68434818984289e-12
0.795,-6.107051513502456e-12
0.796,3.293676285886046e-12
0.797,8.709729622264792e-13
0.798,-1.551730361433086e-12
0.799,-3.974433685092652e-12
0.8,-3.668652903433433e-12
0.801,-6.091356227092999e-12
0.802,-8.514059550752567e-12
0.803,8.866682486359365e-13
0.804,-1.5360350750236293e-12
0.805,-3.958738398683194e-12
0.806,-6.3814417223427616e-12
0.807,3.0192860770457403e-12
0.808,5.965827533861745e-13
0.809,-1.8261205702733913e-12
0.81,-4.248823893932957e-12
0.811,5.151903905455545e-12
0.812,-6.365746435933304e-12
0.8130000000000001,-8.78844975959287e-12
0.8140000000000001,6.122780397956316e-13
0.8150000000000001,-1.8104252838639345e-12
0.8160000000000001,-4.2331286075234994e-12
0.8170000000000001,-6.655831931183065e-12
0.8180000000000001,2.744895868205436e-12
0.8190000000000001,3.221925445458695e-13
0.8200000000000001,-2.1005107791136964e-12
0.8210000000000001,7.300217020274804e-12
0.8220000000000001,4.877513696615239e-12
0.8230000000000001,2.454810372955673e-12
0.8240000000000001,3.210704929610819e-14
0.8250000000000001,3.378878309553263e-13
0.8260000000000001,-2.084815492704239e-12
0.8270000000000001,-4.507518816363805e-12
0.8280000000000001,4.893208983024695e-12
0.8290000000000001,2.4705056593651305e-12
0.8300000000000001,4.780233570556479e-14
0.8310000000000001,-2.3749009879540015e-12
0.8320000000000001,7.0258268114345e-12
0.833,-1.6315254653002414e-11
0.834,-1.873795797666198e-11
0.835,-1.8432177195002764e-11
0.836,-2.085488051866233e-11
0.837,-2.3277583842321892e-11
0.838,-1.3876856042933394e-11
0.839,-1.629955936659296e-11
0.84,-1.8722262690252525e-11
0.841,-2.114496601391209e-11
0.842,-1.1744238214523589e-11
0.843,-1.4166941538183155e-11
0.844,-1.6589644861842717e-11
0.845,-7.1889170624542195e-12
0.846,-9.611620386113786e-12
0.847,-1.203432370977335e-11
0.848,-2.35519740511622e-11
0.849,-1.4151246251773698e-11
0.85,-1.6573949575433265e-11
0.851,-1.899665289909283e-11
0.852,-2.1419356222752396e-11
0.853,-1.2018628423363895e-11
0.854,-1.444133174702346e-11
0.855,-1.6864035070683026e-11
0.856,-7.463307271294525e-12
0.857,-9.88601059495409e-12
0.858,-1.2308713918613656e-11
0.859,-1.4731417242273225e-11
0.86,-1.4425636460614004e-11
0.861,-1.6848339784273568e-11
0.862,-1.9271043107933133e-11
0.863,-9.870315308544634e-12
0.864,-1.2293018632204198e-11
0.865,-1.4715721955863763e-11
0.866,-1.7138425279523332e-11
0.867,-7.73769748013483e-12
0.868,-1.0160400803794396e-11
0.869,-1.258310412745396e-11
0.87,-1.5005807451113527e-11
0.871,-1.4700026669454308e-11
0.872,-8.027782975384591e-12
0.873,-1.954543331677344e-11
0.874,-1.0497584996556557e-12
0.875,-1.2567408841044503e-11
0.876,-5.8951651469747875e-12
0.877,-1.7412815488363635e-11
0.878,1.0828593287541478e-12
0.879,-1.0434791012634699e-11
0.88,-2.195244135402355e-11
0.881,-3.4567665369057645e-12
0.882,-1.4974416878294614e-11
0.883,-8.302173184224896e-12
0.884,-1.9819823525613745e-11
0.885,-1.3241487084959608e-12
0.886,-1.284179904988481e-11
0.887,-6.169555355815091e-12
0.888,-5.863774574155872e-12
0.889,8.084691199138431e-13
0.89,-1.0709181221475005e-11
0.891,-2.2226831562863853e-11
0.892,-3.7311567457460696e-12
0.893,-1.5248807087134917e-11
0.894,-8.576563393065202e-12
0.895,-2.009421373445405e-11
0.896,-1.5985389173362653e-12
0.897,-1.3116189258725115e-11
0.898,-6.443945564655398e-12
0.899,-6.138164782996178e-12
0.9,5.34078911073538e-13
0.901,-1.098357143031531e-11
0.902,-4.311327736245593e-12
0.903,-4.005546954586374e-12
0.904,-1.5523197295975223e-11
0.905,-8.850953601905507e-12
0.906,-8.545172820246288e-12
0.907,-1.87292912617657e-12
0.908,-1.3390579467565421e-11
0.909,-6.718335773495703e-12
0.91,-6.412554991836483e-12
0.911,2.5968870223323375e-13
0.912,-1.1257961639155616e-11
0.913,-4.585717945085898e-12
0.914,-4.279937163426679e-12
0.915,2.392306530643037e-12
0.916,-9.125343810745812e-12
0.917,-8.819563029086593e-12
0.918,-2.147319335016875e-12
0.919,-1.3664969676405725e-11
0.92,-6.992725982336006e-12
0.921,-6.686945200676788e-12
0.922,-1.470150660707095e-14
0.923,-1.1532351847995922e-11
0.924,6.963322969121864e-12
0.925,-4.554327372266984e-12
0.926,2.117916321802733e-12
0.927,-9.399734019586118e-12
0.928,-9.093953237926897e-12
0.929,-2.42170954385718e-12
0.93,-1.393935988524603e-11
0.931,4.556314931871755e-12
0.932,-6.961335409517093e-12
0.933,-2.8909171544737686e-13
0.934,-1.1806742056836225e-11
0.935,6.6889327602815596e-12
0.936,-4.828717581107289e-12
0.937,1.8435261129624276e-12
0.9380000000000001,-9.67412422842642e-12
0.9390000000000001,8.821550588691362e-12
0.9400000000000001,-2.6960997526974853e-12
0.9410000000000001,-1.4213750094086336e-11
0.9420000000000001,4.28192472303145e-12
0.9430000000000001,-7.235725618357399e-12
0.9440000000000001,-5.634819242876812e-13
0.9450000000000001,-1.2081132265676531e-11
0.9460000000000001,6.414542551441254e-12
0.9470000000000001,-5.103107789947594e-12
0.9480000000000001,1.5691359041221215e-12
0.9490000000000001,1.8749166857813416e-12
0.9500000000000001,8.547160379851058e-12
0.9510000000000001,-2.97048996153779e-12
0.9520000000000001,3.701753732531929e-12
0.9530000000000001,4.007534514191145e-12
0.9540000000000001,-7.510115827197704e-12
0.9550000000000001,-8.378721331279863e-13
0.9560000000000001,-1.2355522474516835e-11
0.9570000000000001,6.1401523426009486e-12
0.9580000000000001,-5.3774979987878994e-12
0.9590000000000001,1.2947456952818176e-12
0.96,-1.0222904646107032e-11
0.961,-2.1740554987495877e-11
0.962,-1.5068311293426163e-11
0.963,-1.4762530511766944e-11
0.964,-2.6280180853155792e-11
0.965,-1.9607937159086075e-11
0.966,-1.9302156377426856e-11
0.967,-1.2629912683357141e-11
0.968,-2.4147563024745988e-11
0.969,-1.747531933067627e-11
0.97,-1.7169538549017055e-11
0.971,-1.0497294854947338e-11
0.972,-2.2014945196336186e-11
0.973,-1.5342701502266466e-11
0.974,-1.503692072060725e-11
0.975,-8.364677026537533e-12
0.976,-1.988232736792638e-11
0.977,-1.9576546586267162e-11
0.978,-1.2904302892197446e-11
0.979,-2.4421953233586293e-11
0.98,-1.7749709539516577e-11
0.981,-1.744392875785736e-11
0.982,-1.0771685063787641e-11
0.983,-2.228933540517649e-11
0.984,-3.793660588058706e-12
0.985,-1.5311310929447553e-11
0.986,-8.639067235377836e-12
0.987,-2.0156717576766684e-11
0.988,-1.9850936795107468e-11
0.989,-1.3178693101037751e-11
0.99,-2.4696343442426596e-11
0.991,-1.8024099748356883e-11
0.992,-1.7718318966697664e-11
0.993,-1.1046075272627947e-11
0.994,-2.2563725614016795e-11
0.995,-4.06805079689901e-12
0.996,-1.558570113828786e-11
0.997,-8.913457444218142e-12
0.998,-2.043110778560699e-11
0.999,-1.935432968489207e-12
1.0,-1.3453083309878054e-11
1.0010000000000001,5.042591507239729e-12
1.002,-6.47505883414912e-12
1.0030000000000001,1.2020615982968662e-11
1.004,-1.1320465481468251e-11
1.0050000000000001,7.175209335649534e-12
1.006,-4.342441005739316e-12
1.0070000000000001,1.4153233811378467e-11
1.008,-9.187847653058448e-12
1.0090000000000001,9.307827164059336e-12
1.01,-2.2098231773295116e-12
1.0110000000000001,1.6285851639788272e-11
1.012,-7.055229824648643e-12
1.0130000000000001,1.144044499246914e-11
1.014,-1.8267099384378272e-11
1.0150000000000001,2.285754327395112e-13
1.016,-2.3112506031697407e-11
1.0170000000000001,7.206599908468447e-12
1.018,-1.6134481555968467e-11
1.0190000000000001,2.3611932611493153e-12
1.02,-9.156457080239533e-12
1.0210000000000001,9.339217736878249e-12
1.022,-1.4001863727558664e-11
1.0230000000000001,4.493811089559119e-12
1.024,-7.0238392518297284e-12
1.025,-3.036492071626664e-11
1.026,-1.1869245899148861e-11
1.027,-2.3386896240537706e-11
1.028,-4.891221423419926e-12
1.029,-2.823230288785684e-11
1.03,-9.736628070739057e-12
1.031,-2.1254278412127908e-11
1.032,-2.7586035950101214e-12
1.033,-2.6099685059447036e-11
1.034,-7.604010242329252e-12
1.035,-1.9121660583718103e-11
1.036,-6.259857666003174e-13
1.037,-3.033353014344773e-11
1.038,-1.1837855326329948e-11
1.039,-3.517893679076686e-11
1.04,-1.668326197364908e-11
1.041,-2.8200912315037927e-11
1.042,-9.705237497920145e-12
1.043,-3.304631896235706e-11
1.044,-1.4550644145239278e-11
1.045,-2.6068294486628126e-11
1.046,-7.57261966951034e-12
1.047,-3.0913701133947254e-11
1.048,-1.2418026316829473e-11
1.049,-2.393567665821832e-11
1.05,-5.440001841100535e-12
1.051,-2.878108330553745e-11
1.052,1.5380226346283997e-12
1.053,-2.180305882980852e-11
1.054,-3.307384012690732e-12
1.055,-1.482503435407958e-11
1.056,3.6706404630382034e-12
1.057,-1.9670441001398715e-11
1.058,-1.1747661842809288e-12
1.059,-1.2692416525669776e-11
1.06,5.803258291448009e-12
1.061,-3.5727717208447475e-11
1.062,-1.723204239132969e-11
1.063,-2.874969273271854e-11
1.064,-1.0254017915600754e-11
1.065,-3.359509938003767e-11
1.066,-1.5099424562919886e-11
1.067,-2.6617074904308738e-11
1.068,-8.12140008719095e-12
1.069,-3.1462481551627866e-11
1.07,-1.1433756114620144e-12
1.071,-2.448445707589893e-11
1.072,-5.988782258781145e-12
1.073,-1.7506432600169994e-11
1.074,9.892422169477897e-13
1.075,-2.2351839247489125e-11
1.076,-3.856164430371342e-12
1.077,-1.537381477176019e-11
1.078,3.121860045357594e-12
1.079,-2.021922141907932e-11
1.08,-1.7235466019615382e-12
1.081,-1.3241196943350388e-11
1.082,5.254477873767397e-12
1.083,-1.808660359066952e-11
1.084,4.0907122644826657e-13
1.085,-2.929847315039915e-11
1.086,7.387095702177201e-12
1.087,-2.2320448674670212e-11
1.088,-3.824773857552427e-12
1.089,-2.7165855321989346e-11
1.09,-8.670180504871559e-12
1.091,-2.0187830846260407e-11
1.092,-1.6921560291426238e-12
1.093,-2.503323749357954e-11
1.094,-6.537562676461755e-12
1.095,-1.8055213017850606e-11
1.096,4.404617992671799e-13
1.097,-2.2900619665169737e-11
1.098,-4.404944848051952e-12
1.099,-1.59225951894408e-11
1.1,2.573079627676984e-12
1.101,-2.0768001836759932e-11
1.102,-2.272327019642148e-12
1.103,-1.3789977361030996e-11
1.104,4.705697456086788e-12
1.105,-6.8119528853020595e-12
1.106,1.1683721931815722e-11
1.107,-1.1657359532621191e-11
1.108,6.838315284496593e-12
1.109,-4.679335056892256e-12
1.11,1.3816339760225527e-11
1.111,-2.771463573966995e-11
1.112,-9.21896092255217e-12
1.113,-2.073661126394102e-11
1.114,-2.2409364468232338e-12
1.115,-2.5582017911260153e-11
1.116,-7.0863430941423646e-12
1.117,-1.8603993435531214e-11
1.118,-1.0831861841343016e-13
1.119,-2.344940008285035e-11
1.12,-4.953725265732562e-12
1.121,-1.647137560712141e-11
1.122,2.024299209996374e-12
1.123,-9.493351131392475e-12
1.124,9.002323685725307e-12
1.125,-1.4338757778711608e-11
1.1260000000000001,4.156917038406178e-12
1.127,-7.360733302982672e-12
1.1280000000000001,1.1134941514135112e-11
1.129,-1.2206139950301803e-11
1.1300000000000001,6.289534866815981e-12
1.131,-5.2281154745728666e-12
1.1320000000000001,1.3267559342544916e-11
1.133,-1.0073522121892e-11
1.1340000000000001,8.422152695225784e-12
1.135,-2.1285391681621627e-11
1.1360000000000001,1.5400177170954718e-11
1.137,-2.613079832894076e-11
1.1380000000000001,4.1883076112250915e-12
1.139,-1.9152773853211823e-11
1.1400000000000001,-6.570990360940402e-13
1.141,-1.217474937748289e-11
1.1420000000000001,6.3209254396348946e-12
1.143,-1.702015602480202e-11
1.1440000000000001,1.4755187923157632e-12
1.145,-1.0042131549073085e-11
1.1460000000000001,8.453543268044698e-12
1.147,-1.4887538196392217e-11
1.1480000000000001,3.608136620725568e-12
1.149,-7.909513720663282e-12
1.1500000000000001,1.0586161096454502e-11
1.151,-1.2754920367982412e-11
1.1520000000000001,5.7407544491353696e-12
1.153,-5.776895892253476e-12
1.154,-2.9117977356690394e-11
1.155,-1.0622302539572607e-11
1.156,-2.213995288096146e-11
1.157,-3.644278063843672e-12
1.158,-3.335182244069109e-11
1.159,3.333746411885262e-12
1.16,-3.819722908801022e-11
1.161,-1.9701554270892435e-11
1.162,-3.121920461228128e-11
1.163,-1.2723529795163499e-11
1.164,-3.6064611259600414e-11
1.165,-1.756893644248263e-11
1.166,-2.908658678387148e-11
1.167,-1.0590911966753696e-11
1.168,-3.393199343119061e-11
1.169,-1.5436318614072825e-11
1.17,-2.6953968955461673e-11
1.171,-8.458294138343891e-12
1.172,-3.1799375602780804e-11
1.173,-1.4802696626149552e-12
1.174,-2.482135112705187e-11
1.175,-6.325676309934085e-12
1.176,-1.7843326651322936e-11
1.177,6.523481657948491e-13
1.178,-2.2688733298642064e-11
1.179,-4.193058481524282e-12
1.18,-1.571070882291313e-11
1.181,2.7849659942046536e-12
1.182,-3.8746009505690824e-11
1.183,-2.0604406531144784e-12
1.184,-3.1767985029961894e-11
1.185,-1.327231021284411e-11
1.186,-3.661339167728102e-11
1.187,-1.811771686016324e-11
1.188,-2.963536720155209e-11
1.189,-1.1139692384434306e-11
1.19,-2.2657342725823154e-11
1.191,-4.161667908705369e-12
1.192,-2.7502749373142285e-11
1.193,-9.007074556024503e-12
1.194,-2.052472489741335e-11
1.195,-2.0290500802955652e-12
1.196,-2.537013154473248e-11
1.197,-6.874456727614697e-12
1.198,-1.8392107069003544e-11
1.199,1.0356774811423853e-13
1.2,-2.3237513716322676e-11
1.201,-4.741838899204893e-12
1.202,-1.6259489240593743e-11
1.203,2.2361855765240418e-12
1.204,-2.110489588791287e-11
1.205,-2.6092210707950886e-12
1.206,-1.412687141218394e-11
1.207,4.368803404933846e-12
1.208,-2.533874097191357e-11
1.209,-6.8430661547957816e-12
1.21,-3.01841476192327e-11
1.211,-1.1688472802114914e-11
1.212,-2.3206123143503766e-11
1.213,-4.710448326385978e-12
1.214,-2.8051529790822894e-11
1.215,-9.555854973705113e-12
1.216,-2.107350531509396e-11
1.217,-2.577830497976175e-12
1.218,-2.591891196241309e-11
1.219,-7.423237145295308e-12
1.22,-1.8940887486684156e-11
1.221,-4.452126695663711e-13
1.222,-2.3786294134003287e-11
1.223,-5.2906193168855035e-12
1.224,-1.680826965827435e-11
1.225,1.6874051588434334e-12
1.226,-9.830245182545416e-12
1.227,8.665429634572368e-12
1.228,-1.4675651829864547e-11
1.229,3.820022987253236e-12
1.23,-7.697627354135613e-12
1.231,1.0798047462982173e-11
1.232,-3.073292803691331e-11
1.233,5.952640815663039e-12
1.234,-2.3754903561184374e-11
1.235,-5.2592287440665895e-12
1.236,-2.8600310208503505e-11
1.237,-1.0104635391385722e-11
1.238,-2.162228573277457e-11
1.239,-3.126610915656785e-12
1.24,-2.6467692380093697e-11
1.241,3.851413560072151e-12
1.242,-1.9489667904364765e-11
1.243,-9.939930872469815e-13
1.244,-1.2511643428635829e-11
1.245,5.984031388481954e-12
1.246,-1.7357050075954963e-11
1.247,1.1386247411628228e-12
1.248,-1.0379025600226027e-11
1.249,8.116649216891756e-12
1.25,-1.522443224754516e-11
1.2510000000000001,3.2712425695726273e-12
1.252,-8.246407771816223e-12
1.2530000000000001,1.0249267045301563e-11
1.254,-1.3091814419135354e-11
1.2550000000000001,5.403860397982429e-12
1.256,-6.113789943406417e-12
1.2570000000000001,1.2381884873711366e-11
1.258,-2.9149090626184114e-11
1.2590000000000001,1.1700153139817368e-12
1.26,-2.2171066150455178e-11
1.2610000000000001,-3.675391333337395e-12
1.262,-1.5193041674726245e-11
1.2630000000000001,3.3026331423915405e-12
1.264,-2.0038448322045373e-11
1.2650000000000001,-1.5427735049275913e-12
1.266,-1.3060423846316439e-11
1.2670000000000001,5.435250970801345e-12
1.268,-1.7905830493635572e-11
1.2690000000000001,5.898443234822121e-13
1.27,-1.0927806017906636e-11
1.2710000000000001,7.567868799211146e-12
1.272,-1.577321266522577e-11
1.2730000000000001,2.7224621518920154e-12
1.274,-8.795188189496831e-12
1.2750000000000001,9.700486627620951e-12
1.276,-1.8171637137678967e-12
1.2770000000000001,1.6678511103349885e-11
1.278,-6.6625703610870274e-12
1.2790000000000001,1.1833104456030754e-11
1.28,3.154541146419071e-13
1.281,-4.121552138525358e-11
1.282,-2.271984656813579e-11
1.283,-3.423749690952464e-11
1.284,-1.5741822092406854e-11
1.285,-3.908290355684377e-11
1.286,-2.0587228739725985e-11
1.287,-3.210487908111483e-11
1.288,-1.360920426399705e-11
1.289,-3.6950285728433964e-11
1.29,-1.8454610911316184e-11
1.291,-2.997226125270503e-11
1.292,-1.1476586435587246e-11
1.293,-3.481766790002416e-11
1.294,-4.4985619598583095e-12
1.295,-2.7839643424295224e-11
1.296,-9.343968607177442e-12
1.297,-2.086161894856629e-11
1.298,-2.3659441314485065e-12
1.299,-2.570702559588542e-11
1.3,-7.211350778767638e-12
1.301,-1.8729001120156486e-11
1.302,-2.333263030387023e-13
1.303,-2.3574407767475614e-11
1.304,-5.078732950357834e-12
1.305,-4.660970845025332e-11
1.306,-2.8114033633135533e-11
1.307,-2.7808252851476314e-11
1.308,-9.312578034358528e-12
1.309,-3.2653659498795445e-11
1.31,-1.4157984681677661e-11
1.311,-3.7499066146114576e-11
1.312,-1.9003391328996792e-11
1.313,-1.8697610547337573e-11
1.314,-2.019357302197883e-13
1.315,-2.3543017194656704e-11
1.316,-5.04734237753892e-12
1.317,-2.8388423841975836e-11
1.318,-9.892749024858052e-12
1.319,-3.323383048929497e-11
1.32,-1.4738155672177183e-11
1.321,-1.4432374890517964e-11
1.322,4.063299926599819e-12
1.323,-1.9277781537837095e-11
1.324,-7.821067207193126e-13
1.325,-2.412318818515623e-11
1.326,-5.627513368038443e-12
1.327,-2.896859483247536e-11
1.328,1.3173942230738559e-11
1.329,-2.835703326915692e-11
1.33,8.328535583419426e-12
1.331,-3.320243991647605e-11
1.332,-1.470676509935827e-11
1.333,-3.804784656379519e-11
1.334,-1.9552171746677404e-11
1.335,-1.9246390965018182e-11
1.336,-7.50716147900399e-13
1.337,-2.4091797612337316e-11
1.338,-5.59612279521953e-12
1.339,-2.8937204259656444e-11
1.34,-1.0441529442538664e-11
1.341,-3.3782610906975585e-11
1.342,-1.5286936089857795e-11
1.343,-1.4981155308198576e-11
1.344,3.514519508919209e-12
1.345,-1.9826561955517707e-11
1.346,-1.3308871383999228e-12
1.347,-2.467196860283684e-11
1.348,-6.176293785719055e-12
1.349,-5.870513004059834e-12
1.35,1.2625161813057949e-11
1.351,-1.0715919651378968e-11
1.352,7.779755165738816e-12
1.353,-1.5561326298698097e-11
1.354,2.9343485184196848e-12
1.355,-3.85966269814758e-11
1.356,-2.010095216435801e-11
1.357,-1.9795171382698797e-11
1.358,-1.2994965655810084e-12
1.359,-2.4640578030017925e-11
1.36,-6.144903212900141e-12
1.361,-2.948598467733706e-11
1.362,-1.0990309860219274e-11
1.363,-1.0684529078560055e-11
1.364,7.81114573855773e-12
1.365,-1.5529935725879184e-11
1.366,2.9657390912385992e-12
1.367,-2.037534237319832e-11
1.368,-1.8796675560805324e-12
1.369,-2.522074902051745e-11
1.37,-6.725074203399664e-12
1.371,-6.4192934217404445e-12
1.372,1.2076381395377339e-11
1.373,-1.1264700069059578e-11
1.374,7.2309747480582066e-12
1.375,-1.611010671637871e-11
1.3760000000000001,2.3855681007390754e-12
1.377,-2.095551336369784e-11
1.3780000000000001,-2.4598385465800566e-12
1.379,-2.0343951800379402e-11
1.3800000000000001,-1.8482769832616184e-12
1.381,-2.5189358447698537e-11
1.3820000000000001,-6.6936836305807496e-12
1.383,-3.0034765095017665e-11
1.3840000000000001,-1.1539090277899884e-11
1.385,-1.1233309496240663e-11
1.3860000000000001,7.26236532087712e-12
1.387,-1.6078716143559796e-11
1.3880000000000001,2.4169586735579894e-12
1.389,-2.0924122790878927e-11
1.3900000000000001,-2.428447973761142e-12
1.391,-2.5769529438198062e-11
1.3920000000000001,-7.273854621080275e-12
1.393,-6.9680738394210555e-12
1.3940000000000001,1.1527600977696728e-11
1.395,-1.1813480486740187e-11
1.3960000000000001,6.682194330377597e-12
1.397,-1.665888713405932e-11
1.3980000000000001,1.836787683058465e-12
1.399,2.142568464717684e-12
1.4000000000000001,2.0638243281835466e-11
1.401,-2.7028381826014473e-12
1.4020000000000001,1.5792836634516335e-11
1.403,-2.5738138865379145e-11
1.4040000000000001,1.0947429987197203e-11
1.405,-3.0583545512698276e-11
1.4060000000000001,-1.2087870695580493e-11
1.407,-1.1782089913921275e-11
1.408,-3.512317137835819e-11
1.409,-1.6627496561240405e-11
1.41,-3.996857802567732e-11
1.411,-2.147290320855954e-11
1.412,-4.481398467299645e-11
1.413,-2.6318309855878667e-11
1.414,-2.6012529074219448e-11
1.415,-7.516854257101667e-12
1.416,-3.085793572153858e-11
1.417,-1.2362260904420797e-11
1.418,-3.570334236885771e-11
1.419,-1.7207667551739933e-11
1.42,-1.690188677008071e-11
1.421,1.5937880470370739e-12
1.422,-2.1747293417399845e-11
1.423,-3.251618600282058e-12
1.424,-2.6592700064718973e-11
1.425,-8.097025247601189e-12
1.426,-4.9628000747496666e-11
1.427,-1.2942431894920324e-11
1.428,-3.082654514871967e-11
1.429,-1.2330870331601884e-11
1.43,-3.56719517960388e-11
1.431,-1.7176276978921013e-11
1.432,-4.0517358443357925e-11
1.433,-2.2021683626240148e-11
1.434,-2.171590284458093e-11
1.435,-3.220228027463144e-12
1.436,-2.6561309491900057e-11
1.437,-8.065634674782276e-12
1.438,-3.140671613921919e-11
1.439,-1.2911041322101407e-11
1.44,-3.625212278653832e-11
1.441,-1.7756447969420538e-11
1.442,-1.745066718776132e-11
1.443,1.0450076293564639e-12
1.444,-2.229607383508045e-11
1.445,-3.800399017962667e-12
1.446,-2.714148048239958e-11
1.447,-8.645805665281801e-12
1.448,-3.198688712971872e-11
1.449,1.0155649933495202e-11
1.45,-1.3185431530941713e-11
1.451,5.3102432861760725e-12
1.452,-3.622073221371941e-11
1.453,-1.7725057396601625e-11
1.454,-4.1066138861038543e-11
1.455,-2.257046404392076e-11
1.456,-2.226468326226154e-11
1.457,-3.769008445143754e-12
1.458,-2.711008990958067e-11
1.459,-8.614415092462886e-12
1.46,-3.19554965568998e-11
1.461,-1.3459821739782016e-11
1.462,-3.680090320421893e-11
1.463,-1.830522838710115e-11
1.464,-1.799944760544193e-11
1.465,4.96227211675854e-13
1.466,-2.2844854252761062e-11
1.467,-4.349179435643277e-12
1.468,-2.7690260900080193e-11
1.469,-9.19458608296241e-12
1.47,-8.88880530130319e-12
1.471,9.606869515814592e-12
1.472,-1.3734211948622323e-11
1.473,4.7614628684954614e-12
1.474,-1.8579618595941453e-11
1.475,-8.394377882366909e-14
1.476,-4.161491927871915e-11
1.477,-4.929350426142801e-12
1.478,-2.2813463679942146e-11
1.479,-4.3177888628243635e-12
1.48,-2.765887032726128e-11
1.481,-9.163195510143496e-12
1.482,-3.250427697458041e-11
1.483,-1.4008602157462628e-11
1.484,-1.3702821375803408e-11
1.485,4.792853441314376e-12
1.486,-1.854822802312254e-11
1.487,-5.255320600475608e-14
1.488,-2.339363467044167e-11
1.489,-4.8979598533238885e-12
1.49,-2.8239041317760805e-11
1.491,-9.743366500643021e-12
1.492,-9.4375857189838e-12
1.493,9.058089098133983e-12
1.494,-1.4282992366302933e-11
1.495,4.212682450814852e-12
1.496,-1.9128399013622065e-11
1.497,-6.327241965042802e-13
1.498,-2.3973805660941196e-11
1.499,-5.478130843823412e-12
1.5,-2.3362244097622758e-11
1.5010000000000001,1.332332475495359e-11
1.502,-2.820765074494189e-11
1.5030000000000001,-9.711975927824105e-12
1.504,-3.3053057392261026e-11
1.5050000000000001,-1.455738257514324e-11
1.506,-1.4251601793484019e-11
1.5070000000000001,4.244073023633765e-12
1.508,-1.9097008440803148e-11
1.5090000000000001,-6.013336236853661e-13
1.51,-2.394241508812228e-11
1.5110000000000001,-5.446740271004498e-12
1.512,-2.8787821735441414e-11
1.5130000000000001,-1.029214691832363e-11
1.514,-9.986366136664411e-12
1.5150000000000001,8.509308680453373e-12
1.516,-1.4831772783983542e-11
1.5170000000000001,3.663902033134242e-12
1.518,-1.9677179431302676e-11
1.5190000000000001,-1.1815046141848904e-12
1.52,-8.757238325256713e-13
1.5210000000000001,1.761995098459211e-11
1.522,-5.721130479844803e-12
1.5230000000000001,1.277454433727298e-11
1.524,-1.0566537127163936e-11
1.5250000000000001,7.92913768995385e-12
1.526,-3.360183780994163e-11
1.5270000000000001,-1.5106162992823848e-11
1.528,-1.480038221116463e-11
1.5290000000000001,3.695292605953154e-12
1.53,-1.964578885848376e-11
1.5310000000000001,-1.1501140413659762e-12
1.532,-2.4491195505802894e-11
1.5330000000000001,-5.995520688685108e-12
1.534,-2.933660215312202e-11
1.5350000000000001,1.2805934910091892e-11
1.536,-1.0535146554345021e-11
1.537,-3.3876228018781935e-11
1.538,-1.538055320166415e-11
1.539,-3.872163466610107e-11
1.54,-2.0225959848983288e-11
1.541,-1.9920179067324066e-11
1.542,-1.424504250206281e-12
1.543,-2.4765585714643197e-11
1.544,-6.2699108975254125e-12
1.545,-2.9610992361962325e-11
1.546,-1.1115317544844544e-11
1.547,-3.445639900928146e-11
1.548,-1.596072419216368e-11
1.549,-3.3844837445963025e-11
1.55,-1.5349162628845237e-11
1.551,-3.8690244093282156e-11
1.552,-2.019456927616437e-11
1.553,-4.353565074060129e-11
1.554,-2.5039975923483503e-11
1.555,-2.4734195141824284e-11
1.556,-6.238520324706499e-12
1.557,-2.9579601789143415e-11
1.558,-1.1083926972025631e-11
1.559,-3.4425008436462546e-11
1.56,-1.5929333619344762e-11
1.561,-3.927041508378168e-11
1.562,-2.0774740266663894e-11
1.563,-2.0468959485004675e-11
1.564,-1.973284667886891e-12
1.565,-2.5314366132323806e-11
1.566,-6.818691315206022e-12
1.567,-3.015977277964294e-11
1.568,-1.1664097962525156e-11
1.569,-3.500517942696207e-11
1.57,7.137357636251848e-12
1.571,-1.6203723828185068e-11
1.572,2.291950988932717e-12
1.573,-3.923902451096276e-11
1.574,-2.553455658386415e-12
1.575,-4.408443115828189e-11
1.576,-2.5588756341164115e-11
1.577,-2.5282975559504896e-11
1.578,-6.787300742387109e-12
1.579,-3.012838220682403e-11
1.58,-1.1632707389706241e-11
1.581,-3.497378885414315e-11
1.582,-1.647811403702537e-11
1.583,-3.981919550146228e-11
1.584,-2.1323520684344505e-11
1.585,-2.1017739902685286e-11
1.586,-2.522065085567501e-12
1.587,-2.5863146550004418e-11
1.588,-7.367471732886634e-12
1.589,-3.070855319732355e-11
1.59,-1.2212878380205765e-11
1.591,-1.1907097598546546e-11
1.592,6.588577218571239e-12
1.593,-1.6752504245865677e-11
1.594,1.7431705712521059e-12
1.595,-2.1597910893184808e-11
1.596,-3.1022360760670243e-12
1.597,-2.6443317540503946e-11
1.598,-7.947642723386157e-12
1.599,-2.5831755977185504e-11
1.6,-7.336081160067719e-12
1.601,-3.067716262450463e-11
1.602,-1.2181487807386852e-11
1.603,-3.552256927182377e-11
1.604,-1.7026894454705986e-11
1.605,-1.6721113673046764e-11
1.606,1.7745611440710203e-12
1.607,-2.1566520320365895e-11
1.608,-3.070845503248111e-12
1.609,-2.6411926967685023e-11
1.61,-7.916252150567242e-12
1.611,-3.125733361500416e-11
1.612,-1.2761658797886377e-11
1.613,-1.2455878016227156e-11
1.614,6.039796800890628e-12
1.615,-1.730128466354629e-11
1.616,1.1943901535714965e-12
1.617,-2.214669131086542e-11
1.618,-3.651016493747635e-12
1.619,-2.699209795818455e-11
1.62,-8.496423141066767e-12
1.621,-8.190642359407548e-12
1.622,1.0305032457710236e-11
1.623,-3.1225943042185244e-11
1.624,-1.2730268225067462e-11
1.625,-3.6071349689504375e-11
1.6260000000000001,-1.757567487238659e-11
1.627,-1.7269894090727372e-11
1.6280000000000001,1.2257807263904105e-12
1.629,-2.2115300738046507e-11
1.6300000000000001,-3.6196259209287213e-12
1.631,-2.6960707385365635e-11
1.6320000000000001,-8.465032568247852e-12
1.633,-3.1806114032684766e-11
1.6340000000000001,-1.3310439215566984e-11
1.635,-1.3004658433907766e-11
1.6360000000000001,5.491016383210019e-12
1.637,-1.7850065081226894e-11
1.6380000000000001,6.456097358908863e-13
1.639,-2.2695471728546032e-11
1.6400000000000001,-4.1997969114282455e-12
1.641,-3.894016129769026e-12
1.6420000000000001,1.4601658687348755e-11
1.643,-8.739422777088158e-12
1.6440000000000001,9.756252040029624e-12
1.645,-1.3584829424407291e-11
1.6460000000000001,4.9108453927104935e-12
1.647,-3.662013010718499e-11
1.6480000000000001,6.543874539136373e-14
1.649,-1.7818674508407984e-11
1.6500000000000001,6.770003087097999e-13
1.651,-2.2664081155727115e-11
1.6520000000000001,-4.168406338609331e-12
1.653,-2.7509487803046247e-11
1.6540000000000001,-9.013812985928464e-12
1.655,-3.235489445036538e-11
1.6560000000000001,9.787642612848537e-12
1.657,-1.3553438851588376e-11
1.6580000000000001,4.942235965529408e-12
1.659,-1.8398845498907506e-11
1.6600000000000001,9.682931821027693e-14
1.661,-2.3244252146226644e-11
1.6620000000000001,-4.748577329108856e-12
1.663,-4.442796547449636e-12
1.6640000000000001,1.4052878269668146e-11
1.665,-9.288203194768769e-12
1.666,-3.262928465920568e-11
1.667,-1.41336098420879e-11
1.668,-3.747469130652481e-11
1.669,-1.8979016489407034e-11
1.67,-3.686312974320638e-11
1.671,-1.7756089063002777e-13
1.672,-4.170853639052551e-11
1.673,-2.3212861573407727e-11
1.674,-4.6553943037844636e-11
1.675,-2.805826822072686e-11
1.676,-2.775248743906764e-11
1.677,-9.256812621949854e-12
1.678,-3.259789408638677e-11
1.679,-1.4102219269268987e-11
1.68,-3.74433007337059e-11
1.681,-1.894762591658812e-11
1.682,-4.228870738102503e-11
1.683,-2.379303256390725e-11
1.684,-2.348725178224803e-11
1.685,-4.991576965130245e-12
1.686,-2.833265842956716e-11
1.687,-9.836983612449377e-12
1.688,-3.3178065076886286e-11
1.689,-1.4682390259768512e-11
1.69,-1.4376609478109293e-11
1.691,4.119065339008493e-12
1.692,-1.9222016125428424e-11
1.693,-7.26341308310638e-13
1.694,-2.4067422772747552e-11
1.695,-5.57174795562977e-12
1.696,-4.7102723455525254e-11
1.697,-2.860704863840747e-11
1.698,-2.8301267856748248e-11
1.699,-9.805593039630464e-12
1.7,-3.314667450406738e-11
1.701,-1.4650999686949595e-11
1.702,-3.7992081151386514e-11
1.703,-1.9496406334268726e-11
1.704,-4.2837487798705645e-11
1.705,-2.434181298158786e-11
1.706,-2.4036032199928642e-11
1.707,-5.540357382810856e-12
1.708,-2.8881438847247773e-11
1.709,-1.0385764030129989e-11
1.71,-3.3726845494566904e-11
1.711,-1.523117067744912e-11
1.712,-1.49253898957899e-11
1.713,3.570284921327883e-12
1.714,-1.9770796543109032e-11
1.715,-1.275121725991249e-12
1.716,-2.4616203190428164e-11
1.717,-6.12052837331038e-12
1.718,-2.94616098377473e-11
1.719,-1.0965935020629511e-11
1.72,-2.885004827442886e-11
1.721,-1.0354373457311074e-11
1.722,-3.369545492174799e-11
1.723,-1.5199780104630204e-11
1.724,-3.854086156906712e-11
1.725,-2.0045186751949338e-11
1.726,-1.973940597029012e-11
1.727,-1.2437311531723346e-12
1.728,-2.4584812617609247e-11
1.729,-6.0891378004914664e-12
1.73,-2.943021926492838e-11
1.731,-1.0934544447810598e-11
1.732,-3.4275625912247516e-11
1.733,-1.5779951095129732e-11
1.734,-1.5474170313470513e-11
1.735,3.021504503647273e-12
1.736,-2.0319576960789644e-11
1.737,-1.8239021436718587e-12
1.738,-2.5164983608108772e-11
1.739,-6.669308790990991e-12
1.74,-3.0010390255427907e-11
1.741,-6.0577472276725524e-12
1.742,-2.939882869210947e-11
1.743,7.286740160466879e-12
1.744,-1.6054341303970035e-11
1.745,-1.5748560522310816e-11
1.746,-3.908964198674773e-11
1.747,-2.4040731341713813e-12
1.748,-2.0982923525121638e-12
1.749,-1.7925115708529448e-12
1.75,-2.513359303528986e-11
1.7510000000000001,1.1551975817286486e-11
1.752,-1.1789105647150429e-11
1.7530000000000001,-1.1483324865491208e-11
1.754,-3.482440632992812e-11
1.7550000000000001,1.861162522648228e-12
1.756,2.1669433043074432e-12
1.7570000000000001,2.472724085966663e-12
1.758,-2.086835737847025e-11
1.7590000000000001,-2.0562576596811034e-11
1.76,-4.390365806124795e-11
1.7610000000000001,-7.218089208671599e-12
1.762,-6.912308427012382e-12
1.7630000000000001,-6.606527645353161e-12
1.764,-2.994760910979008e-11
1.7650000000000001,6.737959742786271e-12
1.766,-1.6603121721650643e-11
1.7670000000000001,-1.6297340939991424e-11
1.768,-3.963842240442834e-11
1.7690000000000001,-2.952853551851993e-12
1.77,-2.647072770192774e-12
1.7710000000000001,-2.341291988533555e-12
1.772,-2.568237345297047e-11
1.7730000000000001,1.1003195399605878e-11
1.774,-1.2337886064831036e-11
1.7750000000000001,-1.2032105283171818e-11
1.776,-1.1726324501512597e-11
1.7770000000000001,2.495924435106375e-11
1.778,1.6181628866268336e-12
1.7790000000000001,1.923943668286053e-12
1.78,-2.141713779615086e-11
1.7810000000000001,1.5268431056425484e-11
1.782,-4.445243847892856e-11
1.7830000000000001,-7.766869626352209e-12
1.784,-7.461088844692993e-12
1.7850000000000001,-7.155308063033772e-12
1.786,-3.0496389527470685e-11
1.7870000000000001,6.189179325105661e-12
1.788,-1.7151902139331255e-11
1.7890000000000001,-1.6846121357672036e-11
1.79,-4.0187202822108954e-11
1.7910000000000001,-3.5016339695326017e-12
1.792,-3.195853187873383e-12
1.793,-2.6536934652310302e-11
1.794,-2.6231153870651083e-11
1.795,-4.9572235335088e-11
1.796,-1.2886666482511649e-11
1.797,-1.258088570085243e-11
1.798,-1.2275104919193209e-11
1.799,-3.5616186383630126e-11
1.8,1.0693824689462234e-12
1.801,-2.2271698995490692e-11
1.802,-2.1965918213831473e-11
1.803,-4.530699967826839e-11
1.804,-8.62143082569204e-12
1.805,-4.469543811494995e-11
1.806,-8.009869262373601e-12
1.807,-3.1350950726810516e-11
1.808,-3.10451699451513e-11
1.809,-5.438625140958822e-11
1.81,-1.7700682557011867e-11
1.811,-1.7394901775352645e-11
1.812,-1.708912099369343e-11
1.813,-4.043020245813034e-11
1.814,-3.744633605553993e-12
1.815,-2.708571506999091e-11
1.816,-2.6779934288331694e-11
1.817,-5.01210157527686e-11
1.818,-1.343544690019226e-11
1.819,-1.3129666118533038e-11
1.82,-1.282388533687382e-11
1.821,-3.616496680131074e-11
1.822,5.206020512656148e-13
1.823,-2.28204794131713e-11
1.824,-2.2514698631512085e-11
1.825,-4.5855780095948994e-11
1.826,-9.17021124337265e-12
1.827,-8.864430461713429e-12
1.828,-8.558649680054212e-12
1.829,-3.189973114449113e-11
1.83,4.785837708085221e-12
1.831,-5.4935031827268824e-11
1.832,-1.8249462974692476e-11
1.833,-1.7943682193033256e-11
1.834,-1.7637901411374037e-11
1.835,-4.097898287581095e-11
1.836,-4.293414023234603e-12
1.837,-2.763449548767152e-11
1.838,-2.7328714706012303e-11
1.839,-5.066979617044922e-11
1.84,-1.3984227317872866e-11
1.841,-1.367844653621365e-11
1.842,-1.337266575455443e-11
1.843,-3.671374721899134e-11
1.844,-2.8178366414994548e-14
1.845,-2.3369259830851913e-11
1.846,-2.3063479049192697e-11
1.847,-2.2757698267533474e-11
1.848,1.3927870585042874e-11
1.849,-9.413210879394041e-12
1.85,-9.107430097734822e-12
1.851,-3.2448511562171734e-11
1.852,4.237057290404613e-12
1.853,-1.9104024174032307e-11
1.854,-1.8798243392373087e-11
1.855,-1.8492462610713868e-11
1.856,-1.8186681829054646e-11
1.857,-4.1527763293491564e-11
1.858,-4.842194440915213e-12
1.859,-2.818327590535213e-11
1.86,-2.787749512369291e-11
1.861,-5.1218576588129827e-11
1.862,9.113854510542656e-12
1.863,-1.4227226953894259e-11
1.864,-1.392144617223504e-11
1.865,-3.7262527636671955e-11
1.866,-5.769587840956064e-13
1.867,-2.391804024853252e-11
1.868,-2.3612259466873302e-11
1.869,-2.3306478685214083e-11
1.87,1.3379090167362266e-11
1.871,-9.96199129707465e-12
1.872,-9.656210515415432e-12
1.873,-3.2997291979852345e-11
1.874,3.688276872724002e-12
1.875,-1.9652804591712912e-11
1.8760000000000001,-1.9347023810053693e-11
1.877,-1.9041243028394477e-11
1.8780000000000001,1.7644325824181872e-11
1.879,-4.207654371117217e-11
1.8800000000000001,-5.3909748585958234e-12
1.881,-2.8732056323032743e-11
1.8820000000000001,-2.8426275541373523e-11
1.883,-2.8120494759714304e-11
1.8840000000000001,8.565074092862046e-12
1.885,-1.477600737157487e-11
1.8860000000000001,-1.4470226589915652e-11
1.887,-3.781130805435256e-11
1.8880000000000001,-1.125739201776215e-12
1.889,-2.446682066621313e-11
1.8900000000000001,-2.4161039884553914e-11
1.891,-2.3855259102894695e-11
1.8920000000000001,1.2830309749681654e-11
1.893,-1.0510771714755261e-11
1.8940000000000001,-1.0204990933096042e-11
1.895,-3.354607239753296e-11
1.8960000000000001,3.1394964550433905e-12
1.897,3.4452772367026113e-12
1.8980000000000001,3.75105801836183e-12
1.899,-1.9590023446075085e-11
1.9000000000000001,1.7095545406501263e-11
1.901,-6.245536057935652e-12
1.9020000000000001,-5.939755276276433e-12
1.903,-2.928083674071335e-11
1.9040000000000001,7.404732111863004e-12
1.905,-2.8669275177394913e-11
1.9060000000000001,8.016293675181436e-12
1.907,-1.532478778925548e-11
1.9080000000000001,-1.501900700759626e-11
1.909,-3.836008847203318e-11
1.9100000000000001,-1.6745196194568252e-12
1.911,-2.5015601083893745e-11
1.9120000000000001,-2.4709820302234523e-11
1.913,-2.4404039520575303e-11
1.9140000000000001,1.2281529332001044e-11
1.915,-1.105955213243587e-11
1.9160000000000001,-1.0753771350776652e-11
1.917,-3.409485281521357e-11
1.9180000000000001,2.5907160373627828e-12
1.919,2.8964968190220015e-12
1.92,-2.0444584645414916e-11
1.921,-2.0138803863755697e-11
1.922,-4.3479885328192606e-11
1.923,-6.794316475616261e-12
1.924,-3.013539794005318e-11
1.925,-2.982961715839396e-11
1.926,-2.952383637673474e-11
1.927,7.161732475841609e-12
1.928,-5.2559137059512437e-11
1.929,-1.5873568206936088e-11
1.93,-3.9214649671373e-11
1.931,-3.8908868889713784e-11
1.932,-3.8603088108054565e-11
1.933,-1.917519255478217e-12
1.934,-2.5258600719915134e-11
1.935,-2.4952819938255915e-11
1.936,-4.829390140269283e-11
1.937,-1.1608332550116482e-11
1.938,-3.4949414014553394e-11
1.939,-3.464363323289418e-11
1.94,-3.433785245123496e-11
1.941,2.347716401341391e-12
1.942,-2.0993365063095528e-11
1.943,-2.0687584281436306e-11
1.944,-4.4028665745873224e-11
1.945,-7.343096893296874e-12
1.946,-3.0684178357733784e-11
1.947,-3.037839757607457e-11
1.948,-3.007261679441535e-11
1.949,6.612952058160999e-12
1.95,-1.672812940627592e-11
1.951,-1.64223486246167e-11
1.952,-3.9763430089053615e-11
1.953,-3.9457649307394396e-11
1.954,-3.9151868525735177e-11
1.955,-2.466299673158827e-12
1.956,-2.5807381137595743e-11
1.957,-2.5501600355936524e-11
1.958,-4.884268182037344e-11
1.959,-1.2157112967797094e-11
1.96,-3.5498194432234005e-11
1.961,-3.5192413650574786e-11
1.962,-3.4886632868915574e-11
1.963,1.79893598366078e-12
1.964,-2.1542145480776134e-11
1.965,-2.1236364699116915e-11
1.966,-4.457744616355383e-11
1.967,-7.891877310977486e-12
1.968,-7.586096529318265e-12
1.969,-7.280315747659044e-12
1.97,-3.062139721209596e-11
1.971,6.064171640480389e-12
1.972,-1.7276909823956524e-11
1.973,-1.6971129042297308e-11
1.974,-4.031221050673422e-11
1.975,-3.626641654157874e-12
1.976,-3.970064894341579e-11
1.977,-3.015080090839437e-12
1.978,-2.6356161555276355e-11
1.979,-2.6050380773617136e-11
1.98,-4.9391462238054044e-11
1.981,-1.2705893385477702e-11
1.982,-3.604697484991462e-11
1.983,-1.209433182215926e-11
1.984,-3.543541328659618e-11
1.985,1.2501555659801706e-12
1.986,-2.2090925898456745e-11
1.987,-2.1785145116797526e-11
1.988,-4.512622658123444e-11
1.989,-8.440657728658093e-12
1.99,-8.134876946998874e-12
1.991,-7.829096165339656e-12
1.992,-3.117017762977657e-11
1.993,5.515391222799778e-12
1.994,-1.7825690241637136e-11
1.995,-1.751990945997792e-11
1.996,-4.086099092441483e-11
1.997,-4.1754220718384826e-12
1.998,-3.869641290179267e-12
1.999,-3.563860508520047e-12
